Component,Status,Description
Frontend App,✅ Complete,Next.js 14 with React Three Fiber
3D Graphics,✅ Complete,Revolver and character animations
Blockchain,✅ Complete,Filecoin testnet integration
Wallet Connection,✅ Complete,MetaMask + WalletConnect
Sound System,✅ Complete,Web Audio API with game sounds
UI/UX,✅ Complete,Dark theme with responsive design
Vercel Config,✅ Complete,Production deployment ready
Environment,✅ Complete,All variables pre-configured
Documentation,✅ Complete,Deployment guides included
Smart Contract,🔄 Separate,Use provided Hardhat deployment
3D Models,📝 Placeholder,Add custom GLB models
Sound Files,📝 Placeholder,Add custom MP3 sounds
