{
  "version": 2,
  "builds": [
    {
      "src": "package.json",
      "use": "@vercel/next"
    }
  ],
  "routes": [
    {
      "src": "/(.*)",
      "dest": "/$1"
    }
  ],
  "env": {
    "NEXT_PUBLIC_WALLET_CONNECT_PROJECT_ID": "8b1b8840e6d5a43fbb3519dd723413f5",
    "NEXT_PUBLIC_LIGHTHOUSE_API_KEY": "11dafcd4.a0a9e407eb0f4c9ba4a694b0b8ca607b",
    "NEXT_PUBLIC_CHAIN_ID": "314159",
    "NEXT_PUBLIC_FILECOIN_RPC_URL": "https://api.calibration.node.glif.io/rpc/v1",
    "NEXT_PUBLIC_CONTRACT_ADDRESS": "UPDATE_AFTER_CONTRACT_DEPLOYMENT"
  },
  "build": {
    "env": {
      "NEXT_TELEMETRY_DISABLED": "1"
    }
  },
  "functions": {
    "app/**/*.{js,ts,tsx}": {
      "maxDuration": 30
    }
  }
}